algo,score,steps_to_threshold,mean_at_threshold,var_after_threshold,diff_from_10k@10k
trpo,0.9006856867257542,0.0,-43924.3515625,0.5270005821228028,0.7292968749970896
ppo,0.9000470995372761,0.0,-43924.3515625,56.3236233833313,10.61601562499709
dpg,0.8983670066132515,400.0,-43853.65234375,19.301838171217174,-3.0597656250029104
ddpg,0.8982036780927628,400.0,-43935.972265625,8296054.678530986,-5863.150390625
td3,0.8982036202425282,400.0,-43828.630859375,42853196.74339043,-18229.44296875
tqc,0.8973090505814442,600.0,-43835.674609375,2936.239878916123,512.9300781249985
sac,0.8840914296359461,3600.0,-43875.29453125,69738.41197836303,100.28828125000291
reinforce,,,,,
