algo,score,steps_to_threshold,mean_at_threshold,var_after_threshold,diff_from_10k@10k
dpg,0.8991151041630494,500.0,-43661.388671875,43.58437576775801,-35.201562499998545
ppo,0.8991009463897939,500.0,-43639.646484375,13639837.50806211,-10573.307812500003
ddpg,0.8982339742073568,1000.0,-43677.694140625,23.508909057617185,-16.458593750001455
td3,0.897308321315768,1500.0,-43698.994921875,295210.63428829313,-2036.303906250003
tqc,0.896415658204645,2000.0,-43620.008203125,502.9525759057998,380.0906249999971
sac,0.8867018331703798,7500.0,-43586.576171875,3598.2553112304677,214.98281249999854
reinforce,,,,,
trpo,,,,,
