algo,steps_to_threshold,mean_at_threshold,var_after_threshold,diff_from_10k@10k,abs_diff_from_10k@10k,final_score
dpg,0.0,-43607.718359375,55.30745909957884,-85.23984375000146,85.23984375000146,5.0
tqc,2500.0,-43564.155859375,4145.843101758829,-104.58046874999854,104.58046874999854,9.0
td3,1000.0,-43576.07578125,243366.31239059873,-1043.3726562500015,1043.3726562500015,10.0
sac,6000.0,-43643.01875,8.193443878173825,21.37734375000582,21.37734375000582,16.0
ddpg,,,,,,
ppo,,,,,,
reinforce,,,,,,
trpo,,,,,,
avg,,,,,,
