algo,score,steps_to_threshold,mean_at_threshold,var_after_threshold,diff_from_10k@10k
td3,0.8982061829229403,1000.0,-43554.19609375,4294.452009100172,-193.04296875
ddpg,0.8982037209843784,1000.0,-43519.4265625,857.3482561713323,-3902.8445312500044
tqc,0.8937495442980001,3500.0,-43598.04296875,1501.3137284487211,-86.94414062499709
dpg,,,,,
ppo,,,,,
reinforce,,,,,
sac,,,,,
trpo,,,,,
avg,,,,,
