algo,score,steps_to_threshold,mean_at_threshold,var_after_threshold,diff_from_10k@10k
ddpg,0.8982055055545927,1000.0,-43432.632421875,1862637.8693470126,-261.4050781249971
td3,0.8982047703695879,1000.0,-43397.3890625,228.37311381615532,-424.6875
tqc,0.8919746698766199,4500.0,-43595.294140625,4258.506291255603,-206.60195312499854
dpg,,,,,
ppo,,,,,
reinforce,,,,,
sac,,,,,
trpo,,,,,
avg,,,,,
