algo,score,steps_to_threshold,mean_at_threshold,var_after_threshold,diff_from_10k@10k
ddpg,0.8982203361285779,1000.0,-43664.140625,23.84572541130913,-29.86640625000291
td3,0.8973115235628548,1500.0,-43685.21640625,1451.5273014212216,-145.02187499999854
tqc,0.8955234912208971,2500.0,-43708.285546875,729.1609008514405,453.27109375000146
sac,0.8849608178770555,8500.0,-43634.6234375,5543.048664820352,98.70390624999709
dpg,0.8841087929396759,9000.0,-43673.85625,225.10736709594724,-22.372656250001455
ppo,,,,,
reinforce,,,,,
trpo,,,,,
avg,,,,,
