algo,steps_to_threshold,mean_at_threshold,var_after_threshold,diff_from_60k@60k,abs_diff_from_60k@60k,final_score
tqc,1600.0,-2.109828472137451,0.002272947459435353,0.5624441266059876,0.5624441266059876,4.0
ddpg,5200.0,-2.1313713908195497,0.005198928010029634,0.02404539585113552,0.02404539585113552,25.0
ppo,8400.0,-2.5689307928085325,365.2862145934943,2.538315450306982,2.538315450306982,30.0
dpg,8800.0,-2.5856927156448366,0.539389433395281,-3.5611564993858336,3.5611564993858336,31.0
reinforce,,,,,,
sac,,,,,,
td3,,,,,,
trpo,,,,,,
avg,,,,,,
