algo,steps_to_threshold,mean_at_threshold,var_after_threshold,diff_from_60k@60k,abs_diff_from_60k@60k,final_score
tqc,1800.0,-0.1383015550673008,2.337796076984009e-06,0.09251944459974766,0.09251944459974766,7.0
td3,1200.0,-0.11772762164473534,5.516941973230673e-06,-1.3001595713198184,1.3001595713198184,8.0
dpg,800.0,-0.18988603875041007,0.0014323782942037148,0.12241327539086341,0.12241327539086341,9.0
ddpg,1400.0,-0.1660445936024189,2.7156995513365243e-05,-9.202591445669533,9.202591445669533,11.0
sac,6000.0,-0.22984519153833388,0.0008746758194218259,0.03281526193022727,0.03281526193022727,20.0
ppo,,,,,,
reinforce,,,,,,
trpo,,,,,,
avg,,,,,,
