algo,steps_to_threshold,mean_at_threshold,var_after_threshold,diff_from_60k@60k,abs_diff_from_60k@60k,final_score
tqc,1600.0,-2.4163915634155275,0.0024864220672804363,0.869007217884064,0.869007217884064,4.0
td3,1200.0,-2.6374642848968506,0.0036929968727591753,-22.36675273180008,22.36675273180008,16.0
dpg,3800.0,-2.6516996145248415,0.007587129063228556,-3.4951496005058287,3.4951496005058287,28.0
ddpg,,,,,,
ppo,,,,,,
reinforce,,,,,,
sac,,,,,,
trpo,,,,,,
avg,,,,,,
