algo,steps_to_threshold,mean_at_threshold,var_after_threshold,diff_from_60k@60k,abs_diff_from_60k@60k,final_score
ddpg,1200.0,-162.0383773803711,0.08180131198518169,1.2904571533203182,1.2904571533203182,15.0
tqc,1400.0,-161.85965881347656,0.017960421144703254,1.4033538818359261,1.4033538818359261,16.0
sac,1800.0,-162.42000579833984,0.12295937444690672,0.6600875854492188,0.6600875854492188,17.0
dpg,,,,,,
ppo,,,,,,
reinforce,,,,,,
td3,,,,,,
trpo,,,,,,
avg,,,,,,
