algo,score,steps_to_threshold,mean_at_threshold,var_after_threshold,diff_from_60k@60k
tqc,0.9215387666837837,1800.0,-0.11929255053400993,2.23237723976532e-06,0.06974590346217155
ddpg,0.9062776662177247,1200.0,-0.14219534806907178,9.367067459707119e-06,0.07926931530237198
td3,0.9060996473634886,1200.0,-0.13122575134038925,1.0547710918182781e-05,0.07432648763060569
sac,0.9020067937761087,2800.0,-0.22513492554426193,0.0017572745298928582,-0.0347116634249687
dpg,0.8985492842723172,1400.0,-0.1916172057390213,8.719756386635318e-05,0.11814519576728344
ppo,,,,,
reinforce,,,,,
trpo,,,,,
