algo,score,steps_to_threshold,mean_at_threshold,var_after_threshold,diff_from_60k@60k
sac,0.9173887859478139,2400.0,-0.24909516647458077,0.0019305435485473077,-0.017834951728582377
td3,0.9143553670233989,1600.0,-0.09157315120100976,8.189849188724572e-06,0.0324820626527071
tqc,0.9027842341337513,1800.0,-0.19928387477993964,6.620477674371363e-06,0.15339020304381845
dpg,0.8994590559169954,1000.0,-0.21222044676542282,0.0003568276428290992,0.13169870749115942
ddpg,,,,,
ppo,,,,,
reinforce,,,,,
trpo,,,,,
