algo,score,steps_to_threshold,mean_at_threshold,var_after_threshold,diff_from_10k@10k
dpg,0.9000370212922463,0.0,-43843.206640625,20.286203565979,-13.50664062499709
ppo,0.8973797122614509,1500.0,-43870.000390625,1140.7739313453224,6.979687499995634
tqc,0.8973090504939415,1500.0,-43787.73125,1269.5952157072177,512.9878906249942
ddpg,0.8973081070391319,1500.0,-43848.27890625,8450378.488507021,-15991.585156249996
reinforce,,,,,
sac,,,,,
td3,,,,,
trpo,,,,,
